region,bmi,age,charges
northeast,29.181953846153846,39.20307692307692,13371.921735720001
northwest,29.199386503067483,39.263803680981596,12468.875327730062
southeast,33.322970027247955,38.89100817438692,14658.800786893733
southwest,30.59577981651376,39.40672782874618,12295.839216269113
