smoker,bmi,age,charges
no,30.656501403180545,39.31711880261927,8409.025939213283
yes,30.672771739130432,38.65942028985507,31963.762697246377
